Date,Temperature_C,Humidity_Pct,Rainfall_mm
2023-01-01,16.662276020592046,66.17952785474137,0.0
2023-01-02,14.929423212713903,35.026989732018386,1.8006425275232356
2023-01-03,17.459262286534614,78.74491512053723,0.0
2023-01-04,20.257113837247275,70.19732713846989,1.947539206789902
2023-01-05,15.157187863204458,79.97015164789478,7.9454404157507765
2023-01-06,15.328606103626806,30.0,0.0
2023-01-07,20.939718895515703,96.32562057171091,3.14616487231249
2023-01-08,18.675091908591376,62.90615557767239,4.769734477902515
2023-01-09,15.134665048837954,81.62274225106275,5.754178071784992
2023-01-10,18.34061157257267,49.401411093117034,6.444543388896397
2023-01-11,15.492014019995057,74.19160857593855,0.0
2023-01-12,15.65385573797542,49.198766552395156,7.571477569718712
2023-01-13,17.945101944739758,55.64346558956292,2.831942447448347
2023-01-14,11.646886926086106,93.71047030800179,0.0
2023-01-15,12.378779453622771,62.1397639885498,0.0
2023-01-16,16.03271898761814,68.26149309769585,2.5340465578425038
2023-01-17,14.846330967802817,78.05101596033131,0.0
2023-01-18,18.99195424434871,72.43522831958907,2.0467231049227057
2023-01-19,15.48862439036001,67.25628357715365,2.1968274910379257
2023-01-20,14.138317891935259,70.47441503699338,0.0
2023-01-21,22.933707528528377,100.0,1.6652107754173158
2023-01-22,18.019916527447123,64.13571804449622,2.953549264082792
2023-01-23,19.059218676499842,68.01648570072452,0.0
2023-01-24,14.74063533341936,80.75981594011418,0.0
2023-01-25,17.53878785254762,81.58288899436975,0.0
2023-01-26,19.660523694633913,82.8054545834057,0.0
2023-01-27,16.0293126851372,74.58095333043777,5.212632354104803
2023-01-28,20.762596764065524,47.854926309042746,0.0
2023-01-29,17.98542233140147,89.50147298451644,2.01223225011044
2023-01-30,19.062674252219942,47.804819104719684,0.0
2023-01-31,18.281589601832852,69.5395319785855,0.0
2023-02-01,25.790990627182314,53.68586224970963,3.7683034035082508
2023-02-02,20.339560041169197,64.0379248011051,2.6102506112527943
2023-02-03,17.351220344808496,69.9314361545522,0.0
2023-02-04,23.134652299220743,69.8203582317541,0.0
2023-02-05,17.14547178462494,71.32881131352927,0.0
2023-02-06,21.5738576546219,89.20566903587971,0.0
2023-02-07,15.205758329511935,71.8030145227097,2.171988533791091
2023-02-08,17.235909337713384,61.33765047064027,0.0
2023-02-09,21.944906716509145,79.46130752432536,0.0
2023-02-10,23.701695350336045,82.8420573338696,0.0
2023-02-11,22.13045102599269,46.58588277294511,5.03976713659422
2023-02-12,21.397491341164734,73.96100104774787,9.997912151804702
2023-02-13,20.9672165854688,75.51759113466348,0.0
2023-02-14,17.55901729941419,60.53654744960012,2.862649760601149
2023-02-15,19.957033597633618,85.6356021996743,0.0
2023-02-16,20.854524070079762,62.7491661945121,0.0
2023-02-17,25.5255369082966,66.88364680207313,2.8070029019906837
2023-02-18,23.500575745670936,62.40392263574196,5.012499985674345
2023-02-19,17.29393761869742,65.23368571372201,6.028957573174412
2023-02-20,23.666400177023764,48.55587369657197,1.7213458868909275
2023-02-21,21.647711669458804,43.39923676108559,0.0
2023-02-22,20.878690566649897,88.91757594837458,3.0980886191541974
2023-02-23,24.848639748269367,52.29557977522508,0.0
2023-02-24,26.208389157561463,50.129114758155396,1.660565681903547
2023-02-25,26.00860589037274,32.699148295944276,0.0
2023-02-26,20.79405369399016,55.41557378465747,2.1378996459755877
2023-02-27,22.47854692879114,45.153653098887524,0.0
2023-02-28,24.491961209485968,89.63022740204553,0.0
2023-03-01,26.514274964125107,80.1472563401395,5.007911963579374
2023-03-02,,54.67774482233414,0.0
2023-03-03,23.20194012145098,98.78653708016463,0.0
2023-03-04,20.52167017741555,79.72648230487391,0.0
2023-03-05,20.331193592353472,60.12752924737066,0.0
2023-03-06,26.433886163705026,30.0,0.0
2023-03-07,28.13885821373883,99.36413858886112,0.0
2023-03-08,23.925249517112334,44.15641299854606,4.031361963741445
2023-03-09,27.22031157084242,40.31901879564663,0.0
2023-03-10,25.360324910934867,80.3385564801446,6.009916225071519
2023-03-11,22.40301302441388,100.0,1.7427412983477275
2023-03-12,25.482747395944198,85.76409227765777,0.0
2023-03-13,29.070073573669333,73.4586368007854,1.7354242023882065
2023-03-14,24.40308704562168,73.92131512497929,0.0
2023-03-15,29.256279233361074,77.80123338170462,2.8440607370986966
2023-03-16,16.752062526453777,76.38392884680148,0.0
2023-03-17,27.12310688967422,69.21787135954064,0.0
2023-03-18,24.961780423229584,66.56301655927814,4.490412454761041
2023-03-19,23.8439825003266,64.06110308150717,5.854522233888301
2023-03-20,25.053765744663078,53.690531166999854,4.461612458394614
2023-03-21,18.850357958913413,60.78987384699839,0.0
2023-03-22,24.185722504008385,39.605647787069216,3.0315809831030545
2023-03-23,25.944832138475103,63.52490559807875,0.0
2023-03-24,29.333007085098078,50.17113339273624,0.0
2023-03-25,23.367411439358378,48.44616024176344,0.0
2023-03-26,22.516698260259957,67.69841226730217,1.7887175271479883
2023-03-27,23.45391883071818,85.880034295169,0.0
2023-03-28,27.719456084187776,78.7747490900347,0.0
2023-03-29,25.970607540534694,41.442490945652345,3.86245969058071
2023-03-30,23.403219501095716,50.15557795144494,0.0
2023-03-31,26.537487319138975,79.11156781982324,0.0
2023-04-01,25.291140045406024,50.26268909692536,0.0
2023-04-02,27.905101558146047,61.63050275004463,5.653144586567092
2023-04-03,22.889303525241516,73.25078148536828,0.0
2023-04-04,24.00581071605703,50.47483317704547,0.0
2023-04-05,23.80284714925745,66.5806325921894,3.330732083323666
2023-04-06,20.576044173145345,44.989617576226934,3.6136559977619394
2023-04-07,25.839413942200707,55.9794853407318,0.0
2023-04-08,25.71573430921381,69.79672901213806,2.3658455543326977
2023-04-09,24.92648100986193,41.105093997024966,2.949139466118524
2023-04-10,24.183014502197967,71.60712106940599,2.126397744694441
2023-04-11,20.613369273487063,64.70543301609978,0.0
2023-04-12,23.567329551503747,73.28734931625722,4.173062565483896
2023-04-13,23.76799336687459,68.35871201096992,1.5491247211418475
2023-04-14,22.353273698658825,85.46210644960766,0.0
2023-04-15,24.23732483129259,66.87836753971861,0.0
2023-04-16,25.891530400684253,58.558916883121206,0.0
2023-04-17,30.29326318927308,66.83446254548426,0.0
2023-04-18,25.11091160836848,73.14947043554582,2.9009981470242807
2023-04-19,25.30946113847275,65.73290105488556,0.0
2023-04-20,24.260278052823214,65.60887536805824,0.0
2023-04-21,18.67129778800708,54.47012468289867,0.0
2023-04-22,24.289271836606662,55.05648623673578,0.0
2023-04-23,24.48792994020287,43.96092092300459,7.229635072557551
2023-04-24,31.632633559386793,91.24365114780409,0.0
2023-04-25,23.59875336625057,46.34205146913072,0.0
2023-04-26,25.010688327942997,54.60642203306139,0.0
2023-04-27,23.929422714131118,54.22389101646204,0.0
2023-04-28,20.452358794490493,78.42386565416662,0.0
2023-04-29,27.309041669839992,60.57575482561958,2.613819142149375
2023-04-30,26.05592113779568,83.716131090106,6.813153637805498
2023-05-01,26.09015902822236,54.897640636341976,0.0
2023-05-02,20.903258916114897,69.18491243335703,2.1756247869211744
2023-05-03,27.751604630306566,52.46979420110364,2.708787882561248
2023-05-04,19.24693738515379,97.17723691660083,3.7733544560740695
2023-05-05,25.11982607558718,47.18602371455731,0.0
2023-05-06,29.834908864669032,69.64731065340541,0.0
2023-05-07,20.193771539067093,74.50665321398148,0.0
2023-05-08,21.36590627440113,71.20698646177247,2.4939090719848465
2023-05-09,23.260782733089084,62.220685116834375,3.394129501260106
2023-05-10,21.34607158843855,63.05268950399861,0.0
2023-05-11,18.09685012047201,65.65717207968665,0.0
2023-05-12,22.844575052323513,62.79496997557267,4.644355498354066
2023-05-13,,79.45818675192365,3.2869567374587416
2023-05-14,23.832997400391502,98.15784502387027,8.380619077364752
2023-05-15,19.537302838163466,56.637623224882496,2.8068668766400817
2023-05-16,26.82657235181224,44.45295530631383,0.0
2023-05-17,19.706076224063068,63.67576927473118,1.786310046599916
2023-05-18,20.96662772025275,100.0,2.1635944408258485
2023-05-19,24.24828574687917,52.944881480454036,0.0
2023-05-20,17.98804569283347,89.58675208166102,1.572705772704821
2023-05-21,22.23394337590324,90.1655122111466,2.4710702467136554
2023-05-22,25.34197539521292,56.69617637438008,0.0
2023-05-23,16.465178442274663,73.53474618777913,3.0340066119482234
2023-05-24,21.706747575230192,89.42594934692806,1.7530479342938856
2023-05-25,21.795889014994497,59.313083885187694,6.082371022221028
2023-05-26,23.223321138256665,61.946294598464576,0.0
2023-05-27,17.026870546409,56.274786290770344,0.0
2023-05-28,16.634522784848937,49.778649039607,1.8403659903244876
2023-05-29,22.018229082257204,55.26083682400989,0.0
2023-05-30,21.198254501318893,46.64089599856615,2.506495320377518
2023-05-31,20.912102461196156,65.51125202388839,2.8459605298196955
2023-06-01,21.051762762948684,53.450401534120374,0.0
2023-06-02,17.82265290635143,68.50678867686122,0.0
2023-06-03,20.40835616822165,41.66156530694559,0.0
2023-06-04,20.43828435498063,69.96320348321686,0.0
2023-06-05,17.262133589425847,77.50293442413387,5.403883667534351
2023-06-06,24.847326933129814,35.09396536142817,3.5147893602561635
2023-06-07,20.51505835089158,70.61084854771359,2.3894274834967595
2023-06-08,15.36199227495672,83.41503488709938,2.5058124076510992
2023-06-09,20.746740477941138,46.855384719631914,0.0
2023-06-10,15.69309229661571,90.08858580256555,5.0764761514240755
2023-06-11,20.817376937934693,71.28528514049067,2.372235826668418
2023-06-12,21.769871559267514,54.424822163623865,2.6111331547105663
2023-06-13,15.669023454303138,64.16346383513441,3.9565285417431437
2023-06-14,20.857256580467872,73.37490368782584,0.0
2023-06-15,19.040649532801655,66.14008087118617,3.290865070249198
2023-06-16,20.10283540726354,73.08133988669553,0.0
2023-06-17,23.1606007527712,51.1898961038095,0.0
2023-06-18,16.56689235429751,67.54041236054117,0.0
2023-06-19,14.874000661325493,43.79428254642529,7.681775244505231
2023-06-20,14.298185609059196,63.33160907976949,3.883359352744885
2023-06-21,14.350235002359309,51.44138537802815,2.415759931969776
2023-06-22,16.39676500114286,53.9670508611535,2.5969828468404286
2023-06-23,17.48144789364868,83.54139762815656,1.651405159368262
2023-06-24,17.11755417251587,81.36965180891403,5.878351061018403
2023-06-25,18.598139818325023,74.13707181360766,0.0
2023-06-26,15.984373173805713,48.61530852991132,0.0
2023-06-27,20.13446702380658,60.25387325457797,0.0
2023-06-28,14.808162273944061,83.19646549968775,3.0854814357662397
2023-06-29,23.590729829814162,67.12575370459857,2.651858563944405
2023-06-30,17.13518644556635,99.7899430997254,0.0
2023-07-01,12.51459729963804,70.89976759091557,0.0
2023-07-02,11.701252536929783,67.88073674735047,3.652668632221283
2023-07-03,16.18923284345823,60.363253036962476,0.0
2023-07-04,13.899389313977144,67.00311357173423,2.432764161320476
2023-07-05,16.539868708618346,62.712952454291845,7.030330315879624
2023-07-06,15.645848081386003,75.62163015032885,0.0
2023-07-07,13.836145763857388,79.35053475191876,0.0
2023-07-08,11.343028774577842,53.21015809238076,2.4406855282395963
2023-07-09,9.167976551416599,45.03150569663333,3.3979392020186507
2023-07-10,12.202463174600192,37.456919403450556,1.581212726377801
2023-07-11,15.941126253585253,72.61986990368815,6.824634472806166
2023-07-12,13.84461537513499,48.449500907391894,0.0
2023-07-13,9.296054765928274,32.706641105712755,0.0
2023-07-14,13.384333623155587,70.82867906796446,2.534918494699556
2023-07-15,13.852895436880392,100.0,3.970306984861358
2023-07-16,9.87820588658725,64.9089363269016,0.0
2023-07-17,12.824520390556511,77.57736161677462,3.218910642808085
2023-07-18,12.37231940334584,66.22744037821347,1.6090831747996597
2023-07-19,8.60396091377323,63.51665520213286,0.0
2023-07-20,12.942291671686583,78.78614724481653,0.0
2023-07-21,13.3882687568594,60.64588183717023,4.00934742120851
2023-07-22,14.793030602818499,69.01088471107855,0.0
2023-07-23,14.544268848807034,69.8254670929402,0.0
2023-07-24,7.089912244089081,54.978643195354266,0.0
2023-07-25,8.250622113689968,79.88063524304785,4.10231520740062
2023-07-26,12.451546213469769,62.37560364956887,2.233774491452259
2023-07-27,12.291354453041086,53.66382260760733,3.1859621166212815
2023-07-28,12.139955215413192,73.04764765355606,0.0
2023-07-29,21.999127536879573,51.52298027313444,1.9609871499531324
2023-07-30,12.001076455340861,65.42271736053692,1.6960775242450719
2023-07-31,13.543969849454896,64.86321505033695,3.577492548385835
2023-08-01,12.849587156021851,81.28843348747367,4.7307742024201485
2023-08-02,11.793549843758868,72.12047349319928,0.0
2023-08-03,8.746891784459631,64.62459561882284,2.241838001779072
2023-08-04,11.824503276073296,77.26649448800431,0.0
2023-08-05,7.085631732285523,85.8531132352597,1.5919492147397791
2023-08-06,8.551821500736729,73.36715459527794,0.0
2023-08-07,7.666056833587956,65.15528929765071,0.0
2023-08-08,9.229381785909741,45.32245651474761,0.0
2023-08-09,15.791129700387248,49.02329505386941,1.9419820102765224
2023-08-10,3.1105762762664124,60.421629434679986,0.0
2023-08-11,10.638233438757904,55.85731696761076,2.6387602079855372
2023-08-12,3.610288814340194,62.19543045521831,0.0
2023-08-13,6.9035657604963685,65.8497488734566,0.0
2023-08-14,11.459117696131939,72.94539131535096,3.062731297166667
2023-08-15,8.260027788416616,63.94251832911363,0.0
2023-08-16,4.710929565140307,72.29752465739303,0.0
2023-08-17,5.67731973546048,65.9671162221518,2.3131855740636516
2023-08-18,9.743217705939152,35.36800150469193,0.0
2023-08-19,5.396679996362632,50.90996909271868,0.0
2023-08-20,8.12270749342584,62.83868666417577,0.0
2023-08-21,7.497829391806013,46.85457885738339,5.7808924983360646
2023-08-22,5.296358543512143,73.99893094994307,2.052961321342224
2023-08-23,13.575333717188833,87.96126248515546,2.226309937390083
2023-08-24,8.93992842912788,83.28142777545975,2.000878713472277
2023-08-25,0.8597727768177315,61.79835693604688,0.0
2023-08-26,7.393982429849126,87.36089205274928,0.0
2023-08-27,4.751098618455742,67.23001185803167,2.780121276197348
2023-08-28,9.198045210202308,59.94371043322941,0.0
2023-08-29,4.169947211171264,55.7989600468859,0.0
2023-08-30,6.112568978101035,60.462954702678076,0.0
2023-08-31,7.883540556442256,59.17734772188157,0.0
2023-09-01,8.880202395417147,67.55624333563232,7.861264266559312
2023-09-02,2.598988739097315,67.40860971574797,0.0
2023-09-03,5.1159230661822255,65.04569030230121,0.0
2023-09-04,4.616771159168043,71.55407254619524,0.0
2023-09-05,4.006454279032022,82.85969412179512,7.0587351704515475
2023-09-06,11.190316419901128,79.24331203161985,0.0
2023-09-07,7.039108872288932,42.726530473251444,0.0
2023-09-08,1.97444091506393,30.0,2.6779437647354163
2023-09-09,8.446346530784535,79.01479866858911,2.438541297406312
2023-09-10,11.997655128083586,44.49681952376868,0.0
2023-09-11,8.669784347749236,61.62851897160975,0.0
2023-09-12,0.9582743020162425,47.448304609109606,0.0
2023-09-13,4.010487815096791,37.970293436299706,0.0
2023-09-14,9.213555277686904,73.12194092307182,0.0
2023-09-15,3.2422861175021715,76.3873274045397,0.0
2023-09-16,6.652080454198044,56.35234398909921,0.0
2023-09-17,7.602720193997399,30.0,0.0
2023-09-18,2.4591030789420683,56.806333276212754,2.138627798766368
2023-09-19,5.0252870153597,70.8770600810382,6.917907138612631
2023-09-20,-4.55306754000704,42.81632646838807,1.8508506538853347
2023-09-21,2.0673555763588274,67.75039879668734,0.0
2023-09-22,4.355519643497115,64.77035226240507,0.0
2023-09-23,1.3455098141709056,73.68937249401633,6.04921931486486
2023-09-24,9.964665419120763,66.79370552621229,0.0
2023-09-25,0.7585227551111275,50.40396588677667,0.0
2023-09-26,3.713277522367348,82.94857252496737,1.8278100955176482
2023-09-27,5.413050123204353,62.62205640459545,1.9544649426011678
2023-09-28,9.33502271134801,64.59043190735102,2.0911185616462635
2023-09-29,0.6969507395881092,51.00098061390206,0.0
2023-09-30,8.4903246699175,58.35076623212734,0.0
2023-10-01,5.030791785696859,51.727959289596484,6.705692882415926
2023-10-02,2.057789027057239,62.405809101148655,0.0
2023-10-03,6.393810310392977,90.67562720213516,2.254185804892322
2023-10-04,5.612824875164768,44.421482856029655,2.4526404489001523
2023-10-05,3.2260996374420605,40.79657903184888,1.8832551163836395
2023-10-06,5.250216293498266,87.06755491240412,0.0
2023-10-07,3.9018801404751993,61.86014484272201,0.0
2023-10-08,5.41832994157442,54.963908920101254,1.8209567264407178
2023-10-09,7.087067072689609,80.59857031094114,4.0212588349879805
2023-10-10,9.884556024496192,55.91576690394704,5.864903921885126
2023-10-11,1.44181533599853,92.39014570320404,0.0
2023-10-12,11.586035421252706,75.16888807008904,0.0
2023-10-13,-0.6347468136240719,57.68132887781446,5.791276519397838
2023-10-14,4.803640163169044,97.35962319898255,2.6676712276174452
2023-10-15,7.064312400938659,55.914276154949924,4.291057132688894
2023-10-16,6.185576226656547,76.13143058013961,0.0
2023-10-17,3.5206036018152105,69.48938870609737,1.771454534529418
2023-10-18,4.813284983009115,84.52611934098198,2.4155573711421625
2023-10-19,4.010432033071965,88.42266795090279,2.2795679726983553
2023-10-20,3.775941854895938,65.4800622359865,0.0
2023-10-21,8.150245711644121,53.69873194480725,0.0
2023-10-22,6.7326741696658905,71.89958214408675,1.7489835021813425
2023-10-23,3.645854378426072,54.834269453718406,0.0
2023-10-24,8.489086749133406,95.20080871289935,0.0
2023-10-25,6.780618680776492,67.04802996624106,6.320318519001087
2023-10-26,8.36844822849052,59.52017673031837,0.0
2023-10-27,7.8925778292484035,67.77020458797362,3.6626845470288836
2023-10-28,3.593201502638296,44.793105657054554,0.0
2023-10-29,4.478781779975454,50.42578942234023,2.232293228925945
2023-10-30,8.482963763927353,83.00620861916639,7.545126951371329
2023-10-31,8.156547249004424,55.14658581542906,0.0
2023-11-01,6.349655635349526,49.296335259770906,0.0
2023-11-02,6.853811234651068,73.04979128790929,0.0
2023-11-03,10.426810631020492,82.78556231994496,0.0
2023-11-04,4.9135795698344324,75.784299659976,2.759705105791522
2023-11-05,8.426526610485968,79.94071528708724,4.919616465792632
2023-11-06,6.278031452624707,53.64807367145809,0.0
2023-11-07,6.333345508571569,43.67283999887235,0.0
2023-11-08,10.386873988393795,87.5200047793323,0.0
2023-11-09,9.673290536256328,60.15980241736796,2.570711503912119
2023-11-10,9.746380639162535,61.23750475317429,0.0
2023-11-11,11.333378336677363,84.92291212773587,1.780534544578956
2023-11-12,7.593290647932726,73.3434501410099,1.9001691557042915
2023-11-13,9.691688684245033,71.83831658122412,2.0305004827063358
2023-11-14,6.832759347260508,97.47503517351626,0.0
2023-11-15,8.855932834647577,55.347226544297854,2.503895665264673
2023-11-16,7.614987566380474,78.91760192121856,0.0
2023-11-17,8.42046022274148,65.85519687345626,0.0
2023-11-18,10.041034887981283,69.02888418294886,4.198799523561042
2023-11-19,5.928991767876793,87.92702639618798,2.6843494172906586
2023-11-20,14.790866216706563,72.61753634434436,0.0
2023-11-21,5.627624846599118,73.07444118574449,0.0
2023-11-22,5.1369666772281235,81.08761005964703,0.0
2023-11-23,12.38956391934894,59.52570905685672,0.0
2023-11-24,11.427721212281167,52.4118549899149,0.0
2023-11-25,11.064356716618452,49.327862089684494,0.0
2023-11-26,11.218018964881656,35.50465115935997,0.0
2023-11-27,9.438906549783052,95.84310694910484,2.639017793398541
2023-11-28,6.928185170159514,48.451874514174754,1.8665265313898347
2023-11-29,9.993257600925677,61.68119564621342,2.234805468606294
2023-11-30,7.8818054269426225,60.84780050166619,0.0
2023-12-01,12.98760369865348,69.61110046713651,6.051999913268028
2023-12-02,9.771489454335702,77.23605818808946,3.6463991463165786
2023-12-03,7.888005700593954,77.90710232539618,3.270437998976395
2023-12-04,9.553549057636914,56.25383842146592,3.4630281073094618
2023-12-05,11.911038437322556,62.49317429320383,5.397502386392768
2023-12-06,9.136890315464907,69.2386992573245,1.5716391357000705
2023-12-07,8.518458921240969,61.2696331072468,0.0
2023-12-08,11.87442757203966,89.1101836402999,1.9183109135951566
2023-12-09,12.037654284419435,72.36462427457377,2.716436372469671
2023-12-10,9.94240925212289,76.02316679074727,2.6781910647468012
2023-12-11,10.211656087203895,74.94321903001119,0.0
2023-12-12,12.483453195149258,82.60210786227987,0.0
2023-12-13,7.606534728945134,67.7153233805556,0.0
2023-12-14,7.892784348064238,45.5475207806623,5.070714917406533
2023-12-15,10.125085760901639,70.99531927628962,1.7562994227461635
2023-12-16,11.806125593702578,55.22964659312257,1.5458182760697725
2023-12-17,13.545995036734515,57.07074977375365,0.0
2023-12-18,17.206853520806987,73.7954602813264,0.0
2023-12-19,,83.57424607150453,4.5141929201180115
2023-12-20,12.63791731167728,65.31907365104092,2.1960032354921304
2023-12-21,13.230019934477156,69.63249518898445,3.0965635861499208
2023-12-22,10.449323699443763,90.53322416952857,0.0
2023-12-23,13.571672870890179,68.61129769232852,1.9898413147100436
2023-12-24,12.931943634246057,100.0,0.0
2023-12-25,14.937138706539914,73.48264468447316,2.4446865612079685
2023-12-26,11.658659181968563,38.58855861266274,0.0
2023-12-27,15.870015274700311,76.30012431656799,0.0
2023-12-28,19.08202006677519,70.71737577324167,2.0957755621064074
2023-12-29,14.32950343840197,84.34629131124119,5.506533094219477
2023-12-30,16.033001604738473,75.09772026904938,0.0
2023-12-31,17.070431975133346,62.92316024024339,3.4830063304143035
2024-01-01,13.968472145900838,46.635526455659516,0.0
2024-01-02,16.016493561658706,61.86465114070962,0.0
2024-01-03,15.553973874577922,52.2421931868605,0.0
2024-01-04,15.981052563669694,56.29214825292916,0.0
2024-01-05,13.540618635808066,73.82867606630914,0.0
2024-01-06,16.104547497251176,90.0485675652711,0.0
2024-01-07,17.696075322729875,70.92007294734472,0.0
2024-01-08,20.726218544517774,47.06175406947224,5.2376249022491566
2024-01-09,19.42090068489843,71.66904002330212,0.0
2024-01-10,23.172478814349443,82.94947229968477,2.8915854234776024
2024-01-11,14.580224409768295,55.85325643520927,0.0
2024-01-12,19.668006908848227,62.989742499906235,2.129429018240246
2024-01-13,17.76924114725671,65.22032292093796,0.0
2024-01-14,23.956136459712518,53.2265253037664,0.0
2024-01-15,15.128638095096417,74.72420650765788,0.0
2024-01-16,15.20041604879873,63.18577777088328,0.0
2024-01-17,16.086646392474023,71.29298665860541,0.0
2024-01-18,11.677525073633472,51.6876173329685,2.182594527572664
2024-01-19,16.63543155188136,58.438125495148846,4.26890430451639
2024-01-20,16.09783101128004,75.83572036741657,3.365369125322815
2024-01-21,18.98794258119234,59.4075027186235,2.311218223272914
2024-01-22,19.722513356238206,90.90445776850108,0.0
2024-01-23,24.48514658008373,59.005457215780964,0.0
2024-01-24,21.86615140661788,68.37027088627829,0.0
2024-01-25,17.44122505913596,78.98886247809635,0.0
2024-01-26,16.63251191145924,43.724514006004526,0.0
2024-01-27,20.958050931923626,38.587867820288366,1.533819165879688
2024-01-28,15.67480308796658,42.11515528144858,0.0
2024-01-29,25.281714698720947,83.93876155140774,0.0
2024-01-30,23.476075863763633,56.7221278116133,3.526992501954175
2024-01-31,18.67918248220693,100.0,3.1145720325381565
2024-02-01,15.09475248638287,56.53628602013917,0.0
2024-02-02,24.441668837879234,67.76826954795555,4.901902097005666
2024-02-03,20.180733595918344,88.13164928851813,6.10735918769201
2024-02-04,24.380466498831563,95.09139332238684,0.0
2024-02-05,16.024719758154905,95.92255364954596,0.0
2024-02-06,19.149141800746317,83.12549345889714,0.0
2024-02-07,21.100499800305812,80.36093788717193,5.664535208962706
2024-02-08,21.361409265702903,73.88790423801774,4.180106221785574
2024-02-09,20.00412659446404,76.67541614249957,0.0
2024-02-10,23.35484540739231,56.732214255071995,0.0
2024-02-11,18.413484894274998,52.72701674866539,1.6120548629363474
2024-02-12,21.317297733265576,64.94938313883571,0.0
2024-02-13,22.231414567372365,62.447230662126074,0.0
2024-02-14,23.537899772692718,58.201579260090874,3.9153934739117062
2024-02-15,24.251410857084416,75.44581171185072,2.2598392763761135
2024-02-16,18.862514107445516,79.32957812855766,3.6391870325988815
2024-02-17,17.751827717432988,66.32610329437772,3.9146500136108564
2024-02-18,26.302751342661082,87.16295121582893,2.7594786143395025
2024-02-19,23.5800001207244,47.87466328799742,0.0
2024-02-20,20.44868865916972,62.095108110804226,1.8860229188540996
2024-02-21,27.45641443727532,54.247665190957925,0.0
2024-02-22,23.25648047044635,37.0019507439041,2.2395416244991138
2024-02-23,26.551502433938243,63.75978971235951,0.0
2024-02-24,23.317946034303937,63.17378737425075,2.3680109074049525
2024-02-25,29.397009307670103,87.70174614863197,0.0
2024-02-26,28.577728790987692,74.46217526832166,0.0
2024-02-27,22.659291610907562,49.63719763506192,0.0
2024-02-28,26.412883768138343,92.81138849501282,0.0
2024-02-29,25.523767431513473,83.31550543288029,2.536948823692528
2024-03-01,27.780458219893013,73.73146555202923,2.6365317419676026
2024-03-02,20.864146669702116,61.60273851725252,0.0
2024-03-03,25.898829479428954,50.6084114491478,0.0
2024-03-04,27.095086925144248,59.416898358934205,0.0
2024-03-05,,81.33122929556279,0.0
2024-03-06,20.52036259002903,93.26879458901914,0.0
2024-03-07,18.023583348573034,88.14865292408284,4.4301658142992695
2024-03-08,23.401492373832674,57.667258673205886,0.0
2024-03-09,26.42804360317985,48.205738500664836,0.0
2024-03-10,28.845443444517336,67.11329370366806,0.0
2024-03-11,24.62084492067828,38.473409516557226,0.0
2024-03-12,29.3418105109853,69.84751571277172,0.0
2024-03-13,20.37026078830686,62.78596120551997,1.8717254553234797
2024-03-14,19.45220094785359,58.00945247197637,0.0
2024-03-15,24.44465474203315,41.07945399099807,0.0
2024-03-16,25.80959572336647,72.70400159854574,0.0
2024-03-17,24.602554974232792,57.009487405071326,0.0
2024-03-18,18.538678251604573,47.451247464345684,0.0
2024-03-19,24.511123296518203,30.0,6.430903523012014
2024-03-20,20.899656201201534,64.58727642424046,1.9157910963019935
2024-03-21,26.853755814011038,91.58377395004617,1.6278223038618904
2024-03-22,25.973289162230408,89.91888821821806,0.0
2024-03-23,22.079685591891465,58.14355615120592,0.0
2024-03-24,23.380621342169242,55.966819094573296,1.5569962540396327
2024-03-25,21.764538503272664,72.03161384112536,2.38428483384761
2024-03-26,24.771152669652274,50.02421841217563,2.422304336670092
2024-03-27,27.83867669258527,69.52687849729199,0.0
2024-03-28,22.02717607254901,76.49120417577035,0.0
2024-03-29,26.504639658950367,83.40399835826462,0.0
2024-03-30,23.406912164681586,63.49768885280071,4.088565306533237
2024-03-31,22.621288900574868,61.94489374734551,1.99618913544742
2024-04-01,24.678075506683705,51.830261198651584,1.520729257014458
2024-04-02,21.88973583961545,52.5967946894021,0.0
2024-04-03,23.32784923980879,61.602816621477096,1.8609714582654715
2024-04-04,21.385537930887374,70.51048260224267,0.0
2024-04-05,30.86076441629087,78.70376939349875,0.0
2024-04-06,25.056843766922164,52.95231573979483,0.0
2024-04-07,22.833391968696386,87.39032853439282,2.355789276632577
2024-04-08,25.553080372137213,60.93314598436147,0.0
2024-04-09,24.54979175325092,64.67949058477346,0.0
2024-04-10,24.196572701038637,53.79182481278265,4.52048424177426
2024-04-11,26.6717656199301,30.0,0.0
2024-04-12,27.068660046596815,78.26068094541574,0.0
2024-04-13,23.168602063492102,76.0526584563865,0.0
2024-04-14,22.993727244356574,60.780086643226795,0.0
2024-04-15,23.854222738785708,66.00486075837308,3.1477372689118486
2024-04-16,17.728941991434738,72.73908826556149,0.0
2024-04-17,20.041604983277306,41.56181214670186,0.0
2024-04-18,28.637432768638032,57.06420983980558,1.6450466418653056
2024-04-19,29.418518940625567,76.9139701943274,1.9800169421281837
2024-04-20,23.68050331523507,46.18565865246126,2.333557192114379
2024-04-21,26.098484352121613,69.40336898249944,0.0
2024-04-22,25.2409897740104,44.65127293064893,0.0
2024-04-23,,71.9964497365029,2.570681451978797
2024-04-24,27.534560994897667,64.46537776553775,1.5342618257453886
2024-04-25,23.72229352649986,40.77302276141736,3.6172136226257705
2024-04-26,21.16693670144557,82.47109031685757,3.445082910662892
2024-04-27,19.13905394657637,53.981126348029264,3.7071782729358422
2024-04-28,24.4909641338966,52.84621344478428,0.0
2024-04-29,21.531069803882446,68.00853795846415,0.0
2024-04-30,19.450302058300196,82.22956024143073,3.1361908516638586
2024-05-01,21.691702627771534,49.762672715324044,0.0
2024-05-02,20.298577686655083,65.92519774771958,0.0
2024-05-03,28.513915478748327,71.4322475049586,3.861684754346913
2024-05-04,26.00417406503472,75.39658410894717,4.283653329669396
2024-05-05,23.23962406328924,67.64662332915837,0.0
2024-05-06,27.605212931129238,59.494582413750166,0.0
2024-05-07,23.296904386152303,52.5861466902692,0.0
2024-05-08,20.377976033841367,66.29215824569562,3.2545690344988767
2024-05-09,27.42587078259612,48.9179148202159,4.640969246999534
2024-05-10,24.365570544724385,30.0,0.0
2024-05-11,19.527147664926062,71.54839706236501,0.0
2024-05-12,21.95565224106926,78.55902261629294,4.196848405608286
2024-05-13,19.785365348331688,30.0,0.0
2024-05-14,18.147176347971865,49.854039429350934,1.560728637874271
2024-05-15,24.955301779354546,74.28731391507796,6.8881562410584225
2024-05-16,27.78408602248217,95.86243204567548,0.0
2024-05-17,17.737109547412352,65.31190561513112,2.0900558839694994
2024-05-18,23.496641804841875,54.07995588156298,0.0
2024-05-19,19.728710934769854,62.256553383427395,0.0
2024-05-20,20.090187420796763,85.62314628722277,3.257389738244296
2024-05-21,19.64336535964903,55.310537313131974,0.0
2024-05-22,18.695655836918895,53.0121199002462,11.743706919921866
2024-05-23,21.29841088346776,57.758847167269515,1.6376896911154144
2024-05-24,18.523390283016113,50.70007087611931,0.0
2024-05-25,21.68922300026425,66.84005473992194,0.0
2024-05-26,20.587008350695832,89.3701768770434,0.0
2024-05-27,19.879048483502537,69.84618909674043,0.0
2024-05-28,17.729713399281717,61.21469746810568,0.0
2024-05-29,18.576986489914333,60.62283096626684,0.0
2024-05-30,22.426797587635797,41.552137869550144,0.0
2024-05-31,21.5151696973309,78.24664665720738,2.565582955705842
2024-06-01,16.93006133669125,63.83244204480797,2.138472936750616
2024-06-02,20.009591993026316,62.29280129614062,2.4672540548133335
2024-06-03,21.813228305199953,100.0,0.0
2024-06-04,14.396972000140835,69.48129362548529,0.0
2024-06-05,20.880083976835348,53.72313424857224,2.167551522942474
2024-06-06,17.105688311318673,58.60463605691685,0.0
2024-06-07,20.647698772344143,82.22668563795132,0.0
2024-06-08,16.487302182412098,66.69905615806647,3.26433499098281
2024-06-09,13.202491005304118,43.4258303252395,2.9639334579677548
2024-06-10,13.573495813057848,78.78843401862805,1.5900017623244698
2024-06-11,18.43833966222945,54.97783871691509,0.0
2024-06-12,18.910237914522714,93.09946664326318,2.9092753118199584
2024-06-13,15.254178317421683,81.20072098571973,1.7527635291834363
2024-06-14,19.718084128324282,58.29017156511873,3.0461532840505616
2024-06-15,12.65209474047319,84.2152454260267,2.7866137218140863
2024-06-16,17.271982408867405,66.01783265791104,3.249124135703862
2024-06-17,13.670008103018752,77.79160512683329,0.0
2024-06-18,15.179700830991486,72.27099225941713,0.0
2024-06-19,17.10892491188501,52.3046501751369,2.2243525705882052
2024-06-20,14.216425761403766,55.346752515238066,1.9376632138705687
2024-06-21,15.474403496695697,80.44941226371742,2.7115550432567925
2024-06-22,19.476870396842074,59.97837001840189,0.0
2024-06-23,14.556806165956367,58.94527305137005,0.0
2024-06-24,18.623666407412376,50.673161309759706,4.422009488362917
2024-06-25,12.556246934199137,71.35398598390192,2.77241111774242
2024-06-26,17.36327732608048,95.93787378864718,4.776906727891121
2024-06-27,19.926838635631633,48.9870062861859,2.8435556052455615
2024-06-28,8.015288829663437,65.36329185009137,1.8184083319542306
2024-06-29,12.867498635859901,86.18330833123144,2.123400421117851
2024-06-30,16.817286350428507,63.805379131314275,4.398756420399307
2024-07-01,14.304793872984142,71.78557694374601,1.729327070408071
2024-07-02,15.855253217842602,49.0640970777968,2.001472575862812
2024-07-03,12.757822109807234,71.42460645811472,0.0
2024-07-04,14.657636588760772,62.192836024931765,0.0
2024-07-05,13.75910350148913,79.78594993519795,2.520360601742857
2024-07-06,17.557978686807427,82.81079077347127,0.0
2024-07-07,14.646672458686695,100.0,0.0
2024-07-08,14.7253262116998,73.69449759820364,0.0
2024-07-09,12.306377132433854,69.8869447487325,0.0
2024-07-10,11.909111198397355,67.91576452366004,0.0
2024-07-11,11.904659579285516,59.702505607839676,0.0
2024-07-12,14.216627529199128,70.07725765192536,4.768425913537777
2024-07-13,11.601837403141252,60.56897884791456,0.0
2024-07-14,13.56626786838312,67.52691464404421,0.0
2024-07-15,18.755980591126963,84.7639630341194,0.0
2024-07-16,14.976719183015003,49.90186152080538,2.382482689707693
2024-07-17,11.219622651504316,82.09817841693568,0.0
2024-07-18,15.636513573756934,84.75672601009798,3.4500448822432115
2024-07-19,10.644703471577078,63.22897209513382,2.1547435597135283
2024-07-20,5.591541572221136,33.17217651487108,3.181639134416646
2024-07-21,8.519617940540456,55.882670193583515,0.0
2024-07-22,5.770486929624758,84.45491819841664,2.3576430164048308
2024-07-23,10.168379895836427,64.65697906551677,0.0
2024-07-24,11.119352371003991,50.01046651557634,5.596009318702108
2024-07-25,15.935752348669638,57.42837618157674,2.0232603726475156
2024-07-26,11.730778721596948,77.60930039756829,0.0
2024-07-27,9.937510570068456,73.20100352302069,0.0
2024-07-28,12.929149808465876,61.416018512454585,0.0
2024-07-29,3.6549989962377047,59.49763382277969,2.372534021514961
2024-07-30,10.844116603238797,59.12362776434267,0.0
2024-07-31,12.300177447203145,51.163847232522464,1.8092345942582926
2024-08-01,5.40361735250195,89.23063534204162,0.0
2024-08-02,13.123961648001455,60.1651929618299,2.1692350168233645
2024-08-03,10.563084837076737,83.25737781238244,3.374147430579269
2024-08-04,8.158243634195834,87.81974077883677,3.0103832228677687
2024-08-05,11.16062291927561,79.9746634722194,2.86133974825304
2024-08-06,15.934226050488455,58.52569530922928,0.0
2024-08-07,9.529358132926259,71.05595135504915,0.0
2024-08-08,9.59181575926773,64.63706590413626,2.400950047314362
2024-08-09,7.334289155420924,51.44447208904808,0.0
2024-08-10,6.029919759239989,69.86538922582405,0.0
2024-08-11,10.939443877541887,47.31440313260296,0.0
2024-08-12,5.751109880138067,82.81519082692346,0.0
2024-08-13,8.406964616888018,58.03074054052411,0.0
2024-08-14,6.634215390834878,68.01739483809259,4.227002447873579
2024-08-15,9.3811033761674,69.24931807319213,0.0
2024-08-16,8.824217179101229,61.11642539443884,1.6298938077110077
2024-08-17,10.817044291908822,73.80040702212912,0.0
2024-08-18,6.057730694949801,57.876445150662136,2.1983092192290163
2024-08-19,6.663706918799803,78.06945946185866,0.0
2024-08-20,4.424822724747649,44.81030479629877,4.5639809893219345
2024-08-21,5.91827980610126,66.89569369319618,4.380624446407483
2024-08-22,8.275402928347413,94.08393498587427,0.0
2024-08-23,9.309137212109903,49.995030130916376,4.624481027622359
2024-08-24,4.168704564257677,54.83382544212723,11.123354472296745
2024-08-25,9.443437245857824,72.70861774488372,3.4906947078845234
2024-08-26,10.80337158917576,67.69372672909397,3.7270009837040603
2024-08-27,7.881049915484738,70.25945148910338,0.0
2024-08-28,12.177896864143564,72.33780695221495,1.719359597021331
2024-08-29,4.135410705191013,74.52082202842655,0.0
2024-08-30,2.6346146095666336,81.64549762934334,0.0
2024-08-31,0.946776066193947,71.14727985392769,13.611502439778564
2024-09-01,10.688010894732193,61.38113518072186,0.0
2024-09-02,8.082523742767243,75.08860551804096,2.758112535258224
2024-09-03,5.874853079919546,93.49822902342824,3.286662235463189
2024-09-04,6.806347855712619,63.010493804261394,3.9041842302866505
2024-09-05,,50.38206042994038,12.088294372086468
2024-09-06,13.161419678256545,81.60621003930459,0.0
2024-09-07,6.144756323994748,63.19428254069603,0.0
2024-09-08,6.020945073434885,32.409956809789456,0.0
2024-09-09,7.808486408741762,77.71132515725633,0.0
2024-09-10,7.015416261305934,56.97007721069116,0.0
2024-09-11,6.188036272715677,63.64200076543759,0.0
2024-09-12,3.091766667359609,69.97970495853522,3.062531608716122
2024-09-13,6.827226901535024,67.857495196686,1.6702543416064919
2024-09-14,11.011368003783614,75.6417772570856,0.0
2024-09-15,9.356882308224293,58.46770444145235,2.124610895899333
2024-09-16,10.058377913627579,72.69658697264124,0.0
2024-09-17,3.706247464382762,61.106799836241244,0.0
2024-09-18,2.2350486227693573,76.08215721331254,2.8908439926698204
2024-09-19,4.793373719901234,74.23051226019581,1.954966167977932
2024-09-20,5.307693237227781,50.96841946933107,2.873513891818843
2024-09-21,8.395798653089443,81.28973174262549,0.0
2024-09-22,0.011465470920995813,56.96054832328928,3.6294785213858005
2024-09-23,9.656082465707698,77.12086697421718,1.93267592182792
2024-09-24,4.5749231932560575,70.50930970102011,1.6574543721485042
2024-09-25,3.7527677726160396,92.57275515192684,1.9596011545043717
2024-09-26,1.9845152655655767,61.64801026442222,3.9965822338664396
2024-09-27,0.04663282855235629,59.760248058227035,1.7683079213838895
2024-09-28,7.474048945012171,64.708705911684,1.739531881967638
2024-09-29,5.220787315017834,60.452303257485866,9.351004421574105
2024-09-30,1.1302099034149364,76.99912852913076,2.8271680562393993
2024-10-01,1.1170786640102435,40.75534087345118,0.0
2024-10-02,4.00014578973278,49.194763712804686,2.4578770753124357
2024-10-03,10.022710364312537,48.9829561763121,0.0
2024-10-04,4.247976214827631,79.25461387960364,0.0
2024-10-05,0.5313811791738896,90.65920058872888,1.8169024668376625
2024-10-06,4.320591738802647,63.433261721937924,5.267243008232469
2024-10-07,4.259607196577665,62.46767415214984,5.294084811731123
2024-10-08,-2.9899848796982464,66.05078244669772,0.0
2024-10-09,4.9636209765067,82.42817453912286,1.5001863849741452
2024-10-10,4.462458241853043,51.089702987141386,0.0
2024-10-11,7.275554391724161,68.57553474102178,10.866492384029632
2024-10-12,10.768384869779469,79.62796444673644,7.939082624648624
2024-10-13,8.638690536919066,72.51641254909768,2.096840099772192
2024-10-14,4.492694709820438,67.84372424898115,3.263510807413153
2024-10-15,2.0230228972264386,80.01569138850712,2.511235207169576
2024-10-16,13.108781571026572,30.0,1.7986618273780364
2024-10-17,5.615307036124405,75.16812979296361,0.0
2024-10-18,5.531222712787303,55.188864753088644,0.0
2024-10-19,5.4716608643985625,37.54050654715314,2.2465455618782633
2024-10-20,6.195693702884611,72.66803899287471,2.2635003501952657
2024-10-21,5.228546475998921,85.60487817744436,0.0
2024-10-22,4.003597143567326,62.93827228058462,5.684031489903096
2024-10-23,4.149710299112478,79.29311820804408,0.0
2024-10-24,5.760460307498668,89.18417386982968,0.0
2024-10-25,4.299587558572344,84.72371680376071,2.3480771842829475
2024-10-26,3.8651539554460737,89.59946794057089,2.388941556419437
2024-10-27,6.399477218480204,76.13191236607838,2.091881941964144
2024-10-28,5.394393248303797,66.13150458352389,0.0
2024-10-29,10.753061914305633,40.97051282154247,0.0
2024-10-30,-1.6274729724750072,61.30906267805077,2.020874974984779
2024-10-31,9.686880973009355,52.35130107025712,1.829095084921282
2024-11-01,10.240084662217608,97.5641407624672,0.0
2024-11-02,0.3736452464307689,62.36171281351495,2.4425034276369773
2024-11-03,5.660230954100876,66.84807210176729,0.0
2024-11-04,5.67091186898848,73.27228064060701,2.20379892062243
2024-11-05,2.6620743257729256,65.65403669558681,3.6325192818455805
2024-11-06,4.652939055480605,90.4257656064613,0.0
2024-11-07,3.758815896034739,55.66025957398322,0.0
2024-11-08,12.453852819563107,67.91911182855864,3.020113754141812
2024-11-09,10.112886910603002,53.86294121452927,1.8816660154384794
2024-11-10,11.231607200196851,45.19966233168941,2.405544181756002
2024-11-11,9.695295315164154,55.82346363642072,3.642232074700217
2024-11-12,4.258674456708454,64.44444804427383,3.2471845775590706
2024-11-13,6.1899988182015555,58.5604666322411,6.484296423016382
2024-11-14,9.351557460866005,54.61368530189216,1.5354616405525263
2024-11-15,4.339033302807692,43.90523804492249,0.0
2024-11-16,10.26846761828049,63.75341641056958,0.0
2024-11-17,7.534587617196138,42.42919438953497,0.0
2024-11-18,7.2591913949284175,76.40083945534404,1.7001037184423036
2024-11-19,10.646584294260657,66.23659629401755,0.0
2024-11-20,9.978466925556344,43.13672750802604,5.084415163802003
2024-11-21,7.69663401813408,60.36186384425205,1.7502534522228945
2024-11-22,12.393220708941481,53.71765391614125,1.7970989874653651
2024-11-23,5.809543147592668,69.78761765628771,0.0
2024-11-24,11.03980408629478,85.10675669034717,0.0
2024-11-25,11.112286210993968,36.872412955313834,0.0
2024-11-26,8.547007550381826,66.72539118721126,0.0
2024-11-27,10.598347351343362,62.59800806650039,0.0
2024-11-28,6.01250319718859,75.07010114675698,1.8671126336260515
2024-11-29,12.68537161909966,68.19794942356533,4.2568099364629
2024-11-30,9.507538089071259,53.72046002391771,4.2897070903036285
2024-12-01,8.644492537285,60.214190965000725,2.1520119562188165
2024-12-02,13.511524968482156,53.05961214794766,0.0
2024-12-03,8.404675510967616,81.14010707897897,3.9755024493082414
2024-12-04,6.446860185405004,65.31967473007913,4.344753549321048
2024-12-05,6.158176453305119,93.5178602862951,0.0
2024-12-06,12.803149961977182,64.0900877927807,2.674445317139281
2024-12-07,7.302077880075075,54.37389849634306,0.0
2024-12-08,16.56713711704636,42.294284110807595,3.2454547788359833
2024-12-09,5.2174505545851115,37.95290485616083,11.783527968204705
2024-12-10,16.71414010892898,41.23796085491765,0.0
2024-12-11,12.420355784684205,69.00689976517225,4.553169418958063
2024-12-12,11.660648417825929,72.63087534844901,1.9490611089151262
2024-12-13,10.480418410767054,41.282139469518,7.252381723441355
2024-12-14,13.47782676771516,78.42557471114173,0.0
2024-12-15,12.333562941563574,57.75408422474841,3.7597121426573454
2024-12-16,15.923177985990066,67.20189517978324,0.0
2024-12-17,13.123467815944451,89.18330942383136,0.0
2024-12-18,13.39986028569944,78.45258973798298,0.0
2024-12-19,12.026896264925993,60.97204028141252,7.405399713194938
2024-12-20,13.11623168702202,51.63211661877069,3.396253106181459
2024-12-21,14.380317100033366,32.72276898006042,3.8284973097342796
2024-12-22,8.496707100897472,54.212700211363696,5.560120535585934
2024-12-23,9.753363284689334,61.83304641758458,0.0
2024-12-24,16.19877530759379,50.19230709273224,0.0
2024-12-25,14.652948327009359,63.031145493615426,0.0
2024-12-26,13.760025722918757,66.15277824438152,0.0
2024-12-27,14.539105126963637,61.627160272878825,0.0
2024-12-28,15.698528999857556,55.249961287648105,0.0
2024-12-29,13.208587397513563,67.52982007950092,0.0
2024-12-30,12.665085823793069,71.62910974354114,0.0
2024-12-31,15.759669326851384,48.64401383835731,0.0
2025-01-01,12.23701522871325,86.16398569619405,0.0
2025-01-02,16.568974383370872,63.521178015736076,7.229533665998486
2025-01-03,10.408445859519016,65.28274434417271,2.848345608603109
2025-01-04,18.77549118000013,75.62321634884836,6.869185622368582
2025-01-05,17.277440434613595,68.49824196895253,0.0
2025-01-06,16.799106177415975,79.29704950869868,0.0
2025-01-07,19.15015340083007,69.30686247802737,3.2018802146369403
2025-01-08,21.369211054520378,55.81343938039343,0.0
2025-01-09,19.586198401697203,70.42255287809152,0.0
2025-01-10,11.190308747819838,47.844106890190076,0.0
2025-01-11,13.04353619822534,66.62839558664784,0.0
2025-01-12,15.176589265599155,64.5015501403331,0.0
2025-01-13,17.297488280674155,61.8782471409119,0.0
2025-01-14,18.939704721466867,63.07193732841604,2.241680262698221
2025-01-15,15.376301511701474,36.77226431753542,0.0
2025-01-16,18.279881868772293,56.76912638388558,0.0
2025-01-17,15.618675531746122,66.39267351711672,3.3112112595127976
2025-01-18,16.214658837587045,67.39784587996101,0.0
2025-01-19,13.992713326378977,49.58487288611063,0.0
2025-01-20,15.605529257608419,83.98561761297051,3.9999143640734847
2025-01-21,14.481707404914715,52.007377276782485,0.0
2025-01-22,15.769625669974731,79.54185800790106,0.0
2025-01-23,22.01755945225959,71.40791542807527,0.0
2025-01-24,16.1666832255639,55.30659035234295,0.0
2025-01-25,27.069082220635345,91.62966338914268,1.6575139865625435
2025-01-26,20.80770962814698,47.095447523652794,3.257291316346257
2025-01-27,20.03680178848873,78.78731260415002,0.0
2025-01-28,17.06042936848487,80.00873477064468,1.7383328830727258
2025-01-29,21.88826803938486,54.94069686385033,0.0
2025-01-30,18.21084202288645,85.88697950096493,0.0
2025-01-31,20.45273888245713,61.24930228101571,1.9563242155038065
2025-02-01,27.914409688461888,69.33040443919785,0.0
2025-02-02,20.09187201620905,68.90482758156831,0.0
2025-02-03,23.972173110533223,62.98536887794178,0.0
2025-02-04,18.557488287533516,77.16212409739673,0.0
2025-02-05,20.703037263047122,76.9023308082832,0.0
2025-02-06,26.259668776514165,38.772020401427284,3.456231322288964
2025-02-07,19.20386752778796,84.56510364317229,0.0
2025-02-08,26.657813158399463,40.062620179464886,0.0
2025-02-09,23.4775788152682,80.48819306512486,0.0
2025-02-10,19.79889528266701,81.90057705241375,2.5820125543856736
2025-02-11,23.513569399589343,48.63550354677203,1.7079824391296545
2025-02-12,24.662099537209645,58.83778568068123,2.200501283236406
2025-02-13,23.73595755888826,48.41442997271096,3.001609087680057
2025-02-14,17.2839091108451,61.77618454566897,3.96394700031567
2025-02-15,19.93515469534314,60.379485737213884,0.0
2025-02-16,21.49388447630461,76.6949079840401,1.5444790698348136
2025-02-17,22.130869942339718,84.65463119179412,3.6665143644792724
2025-02-18,24.331737169617586,85.93525716184934,9.103473250571453
2025-02-19,23.116161087585386,56.567479601325466,4.405829067747561
2025-02-20,18.688115192709073,61.86167189383208,0.0
2025-02-21,23.943552063725644,39.74842711668575,0.0
2025-02-22,24.741213803419242,52.911949002557165,0.0
2025-02-23,24.692982225539883,79.47277449646187,2.70681387452814
2025-02-24,26.357732766737474,89.23374235322348,0.0
2025-02-25,25.716531996670852,46.48476692180117,0.0
2025-02-26,24.689246501343387,56.11303611270659,3.64316461721973
2025-02-27,23.195686921968843,64.60391364561609,0.0
2025-02-28,18.515288114727305,69.2024173822941,3.9292946446088846
2025-03-01,24.876494240155786,52.85594720117531,0.0
2025-03-02,24.2976266087853,71.36091566696135,0.0
2025-03-03,24.57365356302855,57.89240979393626,0.0
2025-03-04,20.010429371972705,64.78321593682581,2.8747286970940116
2025-03-05,20.676643843370698,73.19426372005549,0.0
2025-03-06,27.155767256521145,65.09633404716406,0.0
2025-03-07,23.951472666456393,58.45421164210147,6.050109024877095
2025-03-08,26.18578197397121,63.35585294111254,0.0
2025-03-09,24.294668005557728,63.67455561191997,1.6773973627467769
2025-03-10,24.364685254279202,59.449834551768085,1.731739352196458
2025-03-11,27.153223706157245,61.11805905999346,0.0
2025-03-12,22.850426394766835,88.97970755757075,2.0698402744452835
2025-03-13,24.744326205094374,73.41379171911858,0.0
2025-03-14,23.12373929683641,60.56779522956259,1.6088828331658973
2025-03-15,23.258859583622108,75.45431606766104,0.0
2025-03-16,23.68378146831709,59.99270765365985,2.167450857548966
2025-03-17,25.323800691449684,82.59686956379961,0.0
2025-03-18,23.26439335352464,70.54463288297141,1.6920253184751257
2025-03-19,28.508272928444764,63.39046783993657,0.0
2025-03-20,22.094661508398058,71.71575388715416,0.0
2025-03-21,24.252449770232015,41.43685771897251,0.0
2025-03-22,23.5255449926984,48.09848796635292,0.0
2025-03-23,29.214428077001063,47.091124904014166,3.494080320207032
2025-03-24,25.488989280408255,67.1441464214556,0.0
2025-03-25,28.017755712585227,90.98772499227638,5.237985838081075
2025-03-26,20.485497949828606,98.46950219288948,7.008223472904364
2025-03-27,25.760340759079565,74.57076652161136,1.6938114009570275
2025-03-28,27.642142117951867,72.51266712416685,0.0
2025-03-29,25.231206179381914,37.984133987708915,0.0
2025-03-30,28.188941237592886,56.859893003989676,3.1963260604345747
2025-03-31,23.44581966949779,53.183243721376414,0.0
2025-04-01,29.22794971791864,55.68728602623326,0.0
2025-04-02,31.89586095740513,62.47784272122816,1.6274001967779157
2025-04-03,23.906947125554595,57.91864133454309,3.7302203064962662
2025-04-04,23.65228959164802,35.310502844363185,3.17854900578378
2025-04-05,29.339325040007026,76.218653841763,0.0
2025-04-06,29.70530545473384,48.9088546139029,2.2341510668796167
2025-04-07,23.38247302954717,68.58870296166724,0.0
2025-04-08,23.672008041386572,96.1112400462496,0.0
2025-04-09,24.065786813353025,51.20923112620365,4.1440863274747155
2025-04-10,20.853424369220576,30.0,0.0
2025-04-11,22.10352566018571,60.70993667179834,0.0
2025-04-12,21.816843219543617,81.51439452497857,0.0
2025-04-13,22.492744221142512,94.37521181330891,4.0907610665774445
2025-04-14,24.65605084416334,46.55675608321375,3.1461619497291666
2025-04-15,25.423826163900177,72.45048834854782,1.9741182238451738
2025-04-16,29.33087930868287,58.0203431482992,2.774715964639595
2025-04-17,21.639643363425115,63.410774685437964,0.0
2025-04-18,27.540145365302713,100.0,0.0
2025-04-19,23.89484343362793,42.4554450740727,0.0
2025-04-20,24.335224671164415,68.8060949224186,0.0
2025-04-21,26.45206991040402,72.01539757648149,0.0
2025-04-22,21.000647398267418,81.2867948740902,5.070034559411854
2025-04-23,25.454468548931946,66.46974730206342,0.0
2025-04-24,24.742263846570104,69.62075809256153,0.0
2025-04-25,25.653190052618385,59.125271488673135,0.0
2025-04-26,24.973552232665615,69.0369041186766,0.0
2025-04-27,31.39945844297953,59.85211586753884,4.781402564769317
2025-04-28,22.04517295459514,74.32357834784077,0.0
2025-04-29,22.287582361289477,59.45584495934549,0.0
2025-04-30,21.930700460461065,70.6565059085328,2.8590354938077303
2025-05-01,22.050631829612453,64.56105779472533,0.0
2025-05-02,21.719259898579562,81.89075376158252,0.0
2025-05-03,27.110271290820922,64.22909414617271,0.0
2025-05-04,27.714003317500197,38.40451297689678,1.8171942600818132
2025-05-05,21.647015912937942,83.92882251070988,15.44705904412492
2025-05-06,20.76647526792641,51.414015487060716,2.934565446945547
2025-05-07,24.57962718361837,55.1935049202677,0.0
2025-05-08,21.408130330366532,56.065080589347616,3.5153312784570154
2025-05-09,24.860624091092692,85.61657139756227,0.0
2025-05-10,23.465267613341048,32.96488679031957,0.0
2025-05-11,18.201608068678713,100.0,0.0
2025-05-12,27.281401731895613,80.84085213599077,0.0
2025-05-13,27.91430129460665,68.3485837119374,0.0
2025-05-14,20.5738540370328,64.1765899907557,1.9096948618814267
2025-05-15,21.132470861056923,69.28331112286486,4.829397099583864
2025-05-16,23.034365308934337,72.81683642569007,0.0
2025-05-17,23.059206471032855,74.67823378925085,0.0
2025-05-18,23.908445086888264,73.33406699005172,0.0
2025-05-19,27.83834771106921,66.34371021882873,0.0
2025-05-20,21.149796959653187,62.03992369539011,1.6021774346729378
2025-05-21,19.156671838475493,62.730900745197324,0.0
2025-05-22,17.282589448322057,62.07637579470978,3.6549440158096265
2025-05-23,19.094838026132585,82.00655145300597,0.0
2025-05-24,21.053465081011886,73.90335083421293,0.0
2025-05-25,26.399914222802586,30.0,0.0
2025-05-26,19.32501862581622,74.83851164794642,0.0
2025-05-27,21.40908653395994,67.92104292078162,0.0
2025-05-28,20.54662393588351,64.71936865331153,2.579048944220171
2025-05-29,24.01758420575076,59.17222320366671,0.0
2025-05-30,27.888097759240196,81.86169079979021,1.8746176451331993
2025-05-31,18.568017591397567,79.21289693184286,0.0
2025-06-01,18.54409980690309,53.40683498264586,0.0
2025-06-02,22.99520970229412,71.10578430686803,0.0
2025-06-03,21.757269545617575,50.42514898188071,3.233386097031657
2025-06-04,25.09918891229269,44.305727528166045,0.0
2025-06-05,21.156972399482843,55.59924163115052,2.7787554131839127
2025-06-06,18.172127127334367,77.93590208574138,0.0
2025-06-07,20.865524080233143,79.2968756806413,2.9635976126377273
2025-06-08,22.26201350831339,72.6962813014594,0.0
2025-06-09,21.238526195631742,75.87643680271995,2.2626416349021126
2025-06-10,20.13895940061957,72.74267430672438,1.6684150833005236
2025-06-11,21.656147195474798,55.37777607165572,5.294231505256959
2025-06-12,21.801971593582323,71.47883817010911,0.0
2025-06-13,22.27754738247085,77.00614287841523,0.0
2025-06-14,19.913257855503836,76.31436994720362,0.0
2025-06-15,17.300952511041597,82.83370057211964,3.5072929037568508
2025-06-16,18.076795986580038,75.62455770801596,0.0
2025-06-17,21.089748704334426,70.27172311312374,2.98548028057035
2025-06-18,14.852249689344415,81.05225357474642,0.0
2025-06-19,18.241229081016666,64.6021811112641,0.0
2025-06-20,15.786712460953684,51.771880231584234,0.0
2025-06-21,16.883900326060076,62.553995540843545,6.513795391693862
2025-06-22,20.463425717207066,53.82646032790326,2.2044450356247736
2025-06-23,17.03128917325846,54.87232587538428,5.412256730803273
2025-06-24,16.42679141899426,62.83221993926723,0.0
2025-06-25,12.037021648277193,53.11370118500058,1.890736897523789
2025-06-26,18.184128196253653,60.38057705541439,2.2695152733625146
2025-06-27,17.710317335757857,36.59577999569321,0.0
2025-06-28,22.091896943574312,68.19940561059408,3.7691873358163903
2025-06-29,14.506887625186303,65.01808213043337,5.881028970363017
2025-06-30,15.915635385263148,52.74367053397714,4.323128194874784
2025-07-01,15.834221020019154,74.88868502648607,2.6869830347693426
2025-07-02,19.646289870403542,79.06355206439838,0.0
2025-07-03,14.45592900056782,40.88660203446538,0.0
2025-07-04,15.406842247265715,53.55912832150679,6.613246970024861
2025-07-05,16.22155675549169,53.46286475319053,0.0
2025-07-06,14.785962577134443,50.90145348336703,2.5179140368486164
2025-07-07,12.71533165817642,77.44212262897622,2.4500262999348728
2025-07-08,14.465679907477979,62.09260791840795,1.9493738632326567
2025-07-09,16.93341347505351,61.03227738034084,9.232228930835943
2025-07-10,10.462462132568074,34.9420645338987,0.0
2025-07-11,13.770838893055464,74.53127045313839,0.0
2025-07-12,11.101971697926858,46.41112407719791,0.0
2025-07-13,16.618410988838765,65.89898945399493,0.0
2025-07-14,8.295230131250717,69.16065406937288,0.0
2025-07-15,11.020177755879116,85.40987893757976,0.0
2025-07-16,13.66141382038421,45.367694013213324,3.598435912507053
2025-07-17,17.05991716042295,30.0,5.4816999673019655
2025-07-18,12.000442464788875,67.75774317130542,0.0
2025-07-19,10.367273227185503,92.0076677226628,0.0
2025-07-20,17.512400798963505,83.58419529409156,5.27977108420815
2025-07-21,7.3618734765059655,68.14489122911938,0.0
2025-07-22,4.947459003432422,57.62545721551929,0.0
2025-07-23,12.702906042862322,77.10683894955966,0.0
2025-07-24,9.71675767490252,50.39680700443297,1.8087877327407424
2025-07-25,8.000398782043195,72.14536654034329,0.0
2025-07-26,13.03150975374185,72.5820523874994,6.888818299506755
2025-07-27,11.481398741618056,80.90314861248319,0.0
2025-07-28,8.902576264284864,100.0,0.0
2025-07-29,6.600019868902726,70.88623950768151,0.0
2025-07-30,12.905776908101794,57.36554561438752,0.0
2025-07-31,12.087876462789081,64.61638531712008,2.168907782794871
2025-08-01,9.690054274204096,38.46386142666323,2.7820280581350167
2025-08-02,15.379287077984472,54.579303033664125,2.8037752752665432
2025-08-03,6.4824452194022095,58.86076342830344,1.7249839428761053
2025-08-04,4.971020101819278,57.138674030981115,4.694323567516814
2025-08-05,7.328383166254506,67.28532308050583,3.401000574268329
2025-08-06,9.125519271890262,52.66370101426699,2.829783716243495
2025-08-07,9.852165825043341,81.81546000986707,0.0
2025-08-08,8.260051194181784,65.00310597377296,0.0
2025-08-09,9.903320189909612,64.86049518292079,0.0
2025-08-10,4.957753581470324,60.081579252306234,2.1784544959946626
2025-08-11,12.910746679854142,67.32786025788468,0.0
2025-08-12,8.201982892731444,77.37647397001452,0.0
2025-08-13,,51.9930467643365,4.318474622336869
2025-08-14,9.220441944362953,55.12825266387115,4.518339612061791
2025-08-15,9.43744738859158,60.44410956835003,4.797647216315546
2025-08-16,9.653465739624838,44.811936147901775,0.0
2025-08-17,9.166356543292329,52.71113210417754,2.349189284300964
2025-08-18,9.632592738737756,57.85668689683011,0.0
2025-08-19,11.575237481911337,78.11583771069091,0.0
2025-08-20,8.062895233784328,68.93841993502888,0.0
2025-08-21,9.488125144860108,67.90384867051317,0.0
2025-08-22,6.981952503467914,77.76346943251959,0.0
2025-08-23,11.463853095561275,62.93942317400905,3.5551116925828463
2025-08-24,5.008994455996038,70.85697274893334,0.0
2025-08-25,12.338021835523001,63.451673706012556,2.6554913419744177
2025-08-26,6.714145633607813,68.98043524099442,1.5162458950921394
2025-08-27,2.4441327064067613,56.25862013582627,0.0
2025-08-28,7.025058450546004,30.0,0.0
2025-08-29,,62.985812567205436,0.0
2025-08-30,8.978708949467904,86.3412220414991,1.813086562201032
2025-08-31,4.410706781593712,78.89323103362389,0.0
2025-09-01,4.944386513262444,79.48096226886756,0.0
2025-09-02,0.5312557674280507,83.54196082709326,0.0
2025-09-03,4.76250781595784,66.32986386442155,1.5823831910788086
2025-09-04,-1.2300308872359587,67.95973561108393,4.6540226644950105
2025-09-05,1.214733506295988,55.73522156848475,0.0
2025-09-06,8.175197667490728,60.25890715959425,2.641014044329653
2025-09-07,8.181564215358563,74.23656724656712,2.1497604009439484
2025-09-08,7.033465463423959,83.05826655753225,5.363447047947478
2025-09-09,2.7918322602325674,62.90830586478501,3.440526860311973
2025-09-10,5.488052468619746,58.24716102722883,1.6722126480448016
2025-09-11,5.561580948824089,65.00791938284895,2.140227503807789
2025-09-12,2.041290132300655,74.01810123393672,4.573157099590866
2025-09-13,9.973384938996997,43.34217775799687,0.0
2025-09-14,8.044908701854052,30.557285702941428,0.0
2025-09-15,4.702401992869522,56.74194725762625,0.0
2025-09-16,5.401279686742951,46.689313611287616,3.5037441973511543
2025-09-17,5.903966457552046,57.37789703529034,3.228706952125036
2025-09-18,-0.8853101115965547,62.78329521773793,0.0
2025-09-19,4.462330935983309,58.2012738646548,1.7200919926377591
2025-09-20,3.1247817362067822,86.78701301706118,0.0
2025-09-21,2.1356584706769506,69.90117146903481,0.0
2025-09-22,4.2699232190187315,69.50711539416243,7.881691544475004
2025-09-23,,74.33310716065102,0.0
2025-09-24,6.989960091126886,47.917503233288464,0.0
2025-09-25,3.3354099196446354,80.58667681130403,1.8069828842524183
2025-09-26,6.751159326526775,63.863535701968104,2.685448372998121
2025-09-27,9.218894701104086,75.05720925861819,0.0
2025-09-28,7.785103892887971,48.92214150439767,2.1500902108200615
2025-09-29,5.18342830288695,41.693618509759034,1.5198216883766327
2025-09-30,3.0600230803359,77.26834487037543,0.0
2025-10-01,7.094762543478868,70.64614289146274,0.0
2025-10-02,6.182771136466341,51.46922668463735,1.678540391108766
2025-10-03,7.693079547686362,51.95505378087958,0.0
2025-10-04,6.921161193490267,81.88152176622154,5.571452603967907
2025-10-05,8.17540841487645,47.15882160699008,3.4156481608107057
2025-10-06,3.4351044038465046,89.64009429883944,8.216952675742402
2025-10-07,9.010003127963458,51.49068898028197,0.0
2025-10-08,5.670576719897875,74.57587888412574,6.994775662246797
2025-10-09,11.326457667002266,60.07072286376523,0.0
2025-10-10,3.058942121791433,74.04781146623515,0.0
2025-10-11,10.363153241974825,56.838289968287114,0.0
2025-10-12,5.78066764767185,62.558106408915584,0.0
2025-10-13,3.2672625741000885,65.61378763093582,2.355384083915408
2025-10-14,3.8073379461128294,49.96718816327791,0.0
2025-10-15,4.33831885690197,76.11236518130188,0.0
2025-10-16,6.615098462657199,57.30179650292622,1.903681971714877
2025-10-17,6.95720862538349,61.571001269899725,0.0
2025-10-18,3.7165517222652036,50.08475938087231,1.7237554508414623
2025-10-19,5.416371060265515,30.0,0.0
2025-10-20,11.970847201564164,62.13458356099746,3.4694606957593233
2025-10-21,10.78406893088318,100.0,3.437346972513234
2025-10-22,6.970598720792845,76.76906431847036,0.0
2025-10-23,5.838593598712635,64.71109430398408,0.0
2025-10-24,6.150381102988438,61.05663756187599,0.0
2025-10-25,7.699274036337914,65.3369883921807,3.2768533687302384
2025-10-26,2.861484176378422,73.20678672762816,0.0
2025-10-27,5.231561691207531,47.28780777036732,0.0
2025-10-28,1.0744343137717447,81.71482542003308,0.0
2025-10-29,7.3569942683822,75.73071973161866,0.0
2025-10-30,,75.77278588561902,0.0
2025-10-31,4.8758770658059065,71.57713608214591,3.676554186225306
2025-11-01,11.13432070711207,65.29424986540985,0.0
2025-11-02,2.8245320957176983,75.09291853950229,0.0
2025-11-03,2.2006913030257564,73.87721200612067,3.3047507327325043
2025-11-04,7.361649192021838,59.68938933588464,3.470269984302313
2025-11-05,9.926529374812318,56.39597340654649,0.0
2025-11-06,11.936392484299995,66.5278444289298,0.0
2025-11-07,5.6097363296464104,88.23530227242782,0.0
2025-11-08,10.326585932726111,46.41339386519149,5.392882050795809
2025-11-09,7.081516080790117,42.9871210137134,0.0
2025-11-10,6.78796983133816,67.47141261854775,5.428622209483917
2025-11-11,10.067921727674392,65.76331552784028,2.3031810678000015
2025-11-12,9.487247758274707,67.60012496555612,1.5167463940666266
2025-11-13,2.916653299407394,68.6592979686275,0.0
2025-11-14,12.193180666218563,61.65196618047792,0.0
2025-11-15,12.023707839624606,87.34795157903123,0.0
2025-11-16,6.12872862495494,40.98644032285227,0.0
2025-11-17,9.316882928075552,52.57254462829631,2.1366100778306083
2025-11-18,9.73765437051876,63.45117859776429,7.091353475526076
2025-11-19,9.16567511504893,40.35216783268749,1.651935074070447
2025-11-20,6.862788928113923,62.362183933518935,2.5088015530496706
2025-11-21,6.630806887284069,89.92205248592028,0.0
2025-11-22,8.702870302616985,65.31329732443943,0.0
2025-11-23,12.43341835662683,68.46051358578025,0.0
2025-11-24,10.683533594175657,46.097528522411295,1.8976063366165858
2025-11-25,8.08015426920367,55.75457887940784,5.576856071809165
2025-11-26,11.64807856903385,59.37205429514094,2.1681040067660526
2025-11-27,0.9300190064335698,60.23427354865649,0.0
2025-11-28,13.066245385733318,84.22465692505654,0.0
2025-11-29,4.5467025900102,73.36536591087687,1.5999659208405992
2025-11-30,8.825967737269561,48.32813064594452,0.0
2025-12-01,6.703234814521794,68.69757167648007,3.5872505432126136
2025-12-02,6.328617171679401,72.47332622745178,3.371245360764361
2025-12-03,13.846977653107047,82.102235577819,1.8926290379403965
2025-12-04,9.11460297866022,88.70811029852561,0.0
2025-12-05,11.711755719687831,49.77358712258197,0.0
2025-12-06,10.687302237239278,52.83713733184493,0.0
2025-12-07,12.416242589609627,46.136332116280755,0.0
2025-12-08,11.373831610744691,61.48970211339528,0.0
2025-12-09,7.453777898527559,71.99537561669501,2.2529307700499657
2025-12-10,14.452039236577697,79.81001774883653,2.1468239473125026
2025-12-11,10.143501254574927,63.86073464536216,0.0
2025-12-12,7.117557687097095,60.202287151177345,0.0
2025-12-13,10.666442270539369,67.2763698837311,0.0
2025-12-14,16.617455043096836,52.472856475549655,0.0
2025-12-15,14.831083650999426,96.3430808254216,3.5124234834392722
2025-12-16,11.400510645614542,40.885084593229124,0.0
2025-12-17,11.565499226985214,67.77110868343587,0.0
2025-12-18,,95.35409328844459,0.0
2025-12-19,19.17919895199633,65.10199766839996,4.229395038479039
2025-12-20,14.26353925826222,62.14941447497758,1.628553930414228
2025-12-21,14.577193499758431,59.63831865784359,0.0
2025-12-22,16.547762155452716,62.29412477356388,0.0
2025-12-23,14.34357975594689,85.59272712014796,2.62970712894599
2025-12-24,13.020793113544363,31.822071330057398,6.345798703188005
2025-12-25,13.379933478270711,88.00150551944489,0.0
2025-12-26,13.92554823438334,43.64064271324783,4.346305191012331
2025-12-27,14.20030902244727,61.00021506148378,5.445437951924127
2025-12-28,16.6666919586784,58.56133369552008,4.963915074167379
2025-12-29,14.811621541194441,73.8282990465608,2.0179875890680314
2025-12-30,17.025786670088387,41.02813472174378,1.9875353460750629
2025-12-31,14.75785025967426,71.93258999122914,0.0
